x,y
-99.303274,19.305815
-99.245241,19.253713
-99.32027,19.294729
-99.367945,19.200468
-99.27863,19.2628
-99.303104,19.305538
-99.287355,19.231713
-99.258889,19.211389
-99.260348,19.21455
-99.27935,19.26301
-99.434652,19.516812
-99.491675,19.637555
-99.511172,19.655394
-99.521902,19.539444
-99.432457,19.518395
-99.491385,19.637645
-99.278384,19.276073
-99.324211,19.078923
-99.290967,19.268462
-99.276891,19.276288
-99.230754,19.013029
-99.417839,19.555506
-99.449616,19.607664
-99.444151,19.606051
-99.315411,19.050951
-99.31573,19.051062
-99.315789,19.049817
-99.2942,19.2658
-99.244866,19.253501
-99.3825,19.262778
-99.305861,19.270278
-99.489722,19.522222
-99.52856,19.528333
-99.524444,19.528611
-99.525,19.525833
-99.315211,19.051931
-99.309283,19.03545
-99.42036,19.560034
-99.278392,19.264006
-99.319031,19.223913
-99.292755,19.23061
-99.296791,19.232988
-99.297089,19.233305
-99.297646,19.234285
-99.294165,19.230828
